,Initial fitting time,AIC,DIC,WAIC,MAPE,10-fold-CV
M1,32.2697019000002,0.0020734174700010044,8.308993802333438,0.004201965959991867,108.39362239799993,358.45832741699996
M2,59.47043993199986,0.003260936839997157,7.883474664333335,0.004124732830005087,163.3303195969993,491.6607281789993
M3,105.54661445099964,0.007402115280001453,8.05989287333341,0.004525083640000958,203.68028321600013,763.721140701
M4,65.30232156600005,0.0031203141799960575,7.484459986666782,0.00426397549000285,151.36419905900038,490.0748431540005
M5,7.683814339000037,0.0037628236999989895,6.6912315476662725,0.004527869249996002,34.78741337900101,83.09743529400112
